{"cameraMode":{"drawMode":0,"name":"Shaded","section":"Shading Mode"},"sceneLighting":true,"audioPlay":false,"sceneViewState":{"showFog":false,"showMaterialUpdate":false,"showSkybox":true,"showFlares":false,"showImageEffects":false,"showParticleSystems":false},"in2DMode":false,"pivot":{"x":-27.733516693115236,"y":-1.162306785583496,"z":4.764629364013672},"rotation":{"x":-0.3371778726577759,"y":-0.4886878728866577,"z":0.212287038564682,"w":-0.7761834859848023},"size":37.6459846496582,"orthographic":true}