{"cameraMode":{"drawMode":0,"name":"Shaded","section":"Shading Mode"},"sceneLighting":true,"audioPlay":false,"sceneViewState":{"showFog":false,"showMaterialUpdate":false,"showSkybox":true,"showFlares":false,"showImageEffects":false,"showParticleSystems":false},"in2DMode":false,"pivot":{"x":-21.764392852783204,"y":9.5,"z":-2.290325164794922},"rotation":{"x":-0.24374273419380189,"y":0.18256829679012299,"z":-0.04678278788924217,"w":-0.9513687491416931},"size":23.889572143554689,"orthographic":true}